<?xml version="1.0" encoding="utf-8"?>
<ModMetaData>
	<name>Pick Up And Haul</name>
	<author>Mehni</author>
	<supportedVersions>
		<li>1.0</li>
		<li>1.1</li>
		<li>1.2</li>
		<li>1.3</li>
		<li>1.4</li>
	</supportedVersions>
	<packageId>Mehni.PickUpAndHaul</packageId>
	<modDependenciesByVersion>
		<v1.1>
			<li>
				<packageId>brrainz.harmony</packageId>
				<displayName>Harmony</displayName>
				<steamWorkshopUrl>steam://url/CommunityFilePage/2009463077</steamWorkshopUrl>
				<downloadUrl>https://github.com/pardeike/HarmonyRimWorld/releases/latest</downloadUrl>
			</li>
		</v1.1>
		<v1.2>
			<li>
				<packageId>brrainz.harmony</packageId>
				<displayName>Harmony</displayName>
				<steamWorkshopUrl>steam://url/CommunityFilePage/2009463077</steamWorkshopUrl>
				<downloadUrl>https://github.com/pardeike/HarmonyRimWorld/releases/latest</downloadUrl>
			</li>
		</v1.2>
		<v1.3>
			<li>
				<packageId>brrainz.harmony</packageId>
				<displayName>Harmony</displayName>
				<steamWorkshopUrl>steam://url/CommunityFilePage/2009463077</steamWorkshopUrl>
				<downloadUrl>https://github.com/pardeike/HarmonyRimWorld/releases/latest</downloadUrl>
			</li>
		</v1.3>
		<v1.4>
			<li>
				<packageId>brrainz.harmony</packageId>
				<displayName>Harmony</displayName>
				<steamWorkshopUrl>steam://url/CommunityFilePage/2009463077</steamWorkshopUrl>
				<downloadUrl>https://github.com/pardeike/HarmonyRimWorld/releases/latest</downloadUrl>
			</li>
		</v1.4>
	</modDependenciesByVersion>
	<loadAfter>
		<li>brrainz.harmony</li>
	</loadAfter>
	<url>https://ludeon.com/forums/index.php?topic=35832</url>
	<description>"Greatest hauling mod ever" - Chicken Plucker

	 v1.1.1⅓

Colonists will gather stuff in their inventory, then haul it all to a stockpile.

This hauling mod will greatly increase hauling efficiency, because pawns can now carry more than one gun or t-shirt. Those smart and intelligent colonists can use their inventory!

Safe to add to existing games.
Fully compatible with Combat Extended. &lt;size=20&gt;Credits and thanks:&lt;/size&gt;
- AlexTD, for his direct contributions
- erdelf, Zorba, Why_is_that and Dingo for code and advice (yet again!)
- Chicken Plucker, for the preview image
- Brrainz, for the amazing Harmony library
- mlie, for keeping it warm

- Spanish translation, courtesy of mora145 and 53N4
- Russian translation, courtesy of HanabishiRecca
- Korean translation, courtesy of Defo and Pu Rn Ha Ni
- Chinese translation, courtesy of 烨灬 and shiuanyue
- PortugueseBrazilian translation, courtesy of Bambinoff/Edu
- Italian translation, courtesy of kenciccio
- German translation, courtesy of Prism
- French translation, courtesy of qux

Ludeon: https://ludeon.com/forums/index.php?topic=35832
Steam: http://steamcommunity.com/sharedfiles/filedetails/?id=1279012058
GitHub: https://github.com/Mehni/PickUpAndHaul/releases

	</description>
</ModMetaData>